file,clan,context,recording
clan_B/coda_000.wav,clan_B,travelling,rec_00
clan_A/coda_001.wav,clan_A,socialising,rec_00
clan_B/coda_002.wav,clan_B,foraging,rec_00
clan_C/coda_003.wav,clan_C,resting,rec_00
clan_A/coda_004.wav,clan_A,socialising,rec_00
clan_B/coda_005.wav,clan_B,foraging,rec_00
clan_B/coda_006.wav,clan_B,foraging,rec_01
clan_C/coda_007.wav,clan_C,resting,rec_01
clan_B/coda_008.wav,clan_B,travelling,rec_01
clan_B/coda_009.wav,clan_B,foraging,rec_01
clan_A/coda_010.wav,clan_A,socialising,rec_01
clan_B/coda_011.wav,clan_B,travelling,rec_01
clan_A/coda_012.wav,clan_A,foraging,rec_02
clan_C/coda_013.wav,clan_C,resting,rec_02
clan_C/coda_014.wav,clan_C,resting,rec_02
clan_B/coda_015.wav,clan_B,foraging,rec_02
clan_B/coda_016.wav,clan_B,foraging,rec_02
clan_B/coda_017.wav,clan_B,foraging,rec_02
clan_A/coda_018.wav,clan_A,resting,rec_03
clan_B/coda_019.wav,clan_B,foraging,rec_03
clan_B/coda_020.wav,clan_B,foraging,rec_03
clan_C/coda_021.wav,clan_C,resting,rec_03
clan_A/coda_022.wav,clan_A,resting,rec_03
clan_B/coda_023.wav,clan_B,foraging,rec_03
clan_C/coda_024.wav,clan_C,resting,rec_04
clan_A/coda_025.wav,clan_A,socialising,rec_04
clan_B/coda_026.wav,clan_B,travelling,rec_04
clan_B/coda_027.wav,clan_B,travelling,rec_04
clan_C/coda_028.wav,clan_C,resting,rec_04
clan_A/coda_029.wav,clan_A,socialising,rec_04
clan_A/coda_030.wav,clan_A,socialising,rec_05
clan_B/coda_031.wav,clan_B,foraging,rec_05
clan_B/coda_032.wav,clan_B,travelling,rec_05
clan_A/coda_033.wav,clan_A,socialising,rec_05
clan_C/coda_034.wav,clan_C,travelling,rec_05
clan_B/coda_035.wav,clan_B,foraging,rec_05
clan_A/coda_036.wav,clan_A,socialising,rec_06
clan_B/coda_037.wav,clan_B,travelling,rec_06
clan_B/coda_038.wav,clan_B,foraging,rec_06
clan_C/coda_039.wav,clan_C,resting,rec_06
clan_C/coda_040.wav,clan_C,resting,rec_06
clan_B/coda_041.wav,clan_B,foraging,rec_06
clan_B/coda_042.wav,clan_B,travelling,rec_07
clan_B/coda_043.wav,clan_B,foraging,rec_07
clan_A/coda_044.wav,clan_A,socialising,rec_07
clan_A/coda_045.wav,clan_A,socialising,rec_07
clan_B/coda_046.wav,clan_B,foraging,rec_07
clan_B/coda_047.wav,clan_B,foraging,rec_07
clan_C/coda_048.wav,clan_C,resting,rec_08
clan_B/coda_049.wav,clan_B,foraging,rec_08
clan_A/coda_050.wav,clan_A,socialising,rec_08
clan_C/coda_051.wav,clan_C,resting,rec_08
clan_B/coda_052.wav,clan_B,travelling,rec_08
clan_A/coda_053.wav,clan_A,socialising,rec_08
clan_A/coda_054.wav,clan_A,socialising,rec_09
clan_A/coda_055.wav,clan_A,socialising,rec_09
clan_C/coda_056.wav,clan_C,resting,rec_09
clan_C/coda_057.wav,clan_C,foraging,rec_09
clan_A/coda_058.wav,clan_A,socialising,rec_09
clan_C/coda_059.wav,clan_C,resting,rec_09
clan_B/coda_060.wav,clan_B,travelling,rec_10
clan_A/coda_061.wav,clan_A,resting,rec_10
clan_B/coda_062.wav,clan_B,travelling,rec_10
clan_B/coda_063.wav,clan_B,foraging,rec_10
clan_B/coda_064.wav,clan_B,foraging,rec_10
clan_B/coda_065.wav,clan_B,travelling,rec_10
clan_B/coda_066.wav,clan_B,travelling,rec_11
clan_C/coda_067.wav,clan_C,resting,rec_11
clan_C/coda_068.wav,clan_C,socialising,rec_11
clan_C/coda_069.wav,clan_C,travelling,rec_11
clan_C/coda_070.wav,clan_C,resting,rec_11
clan_B/coda_071.wav,clan_B,travelling,rec_11
clan_B/coda_072.wav,clan_B,foraging,rec_12
clan_B/coda_073.wav,clan_B,foraging,rec_12
clan_C/coda_074.wav,clan_C,resting,rec_12
clan_A/coda_075.wav,clan_A,socialising,rec_12
clan_B/coda_076.wav,clan_B,travelling,rec_12
clan_B/coda_077.wav,clan_B,foraging,rec_12
clan_A/coda_078.wav,clan_A,resting,rec_13
clan_B/coda_079.wav,clan_B,foraging,rec_13
clan_B/coda_080.wav,clan_B,foraging,rec_13
clan_B/coda_081.wav,clan_B,foraging,rec_13
clan_B/coda_082.wav,clan_B,travelling,rec_13
clan_B/coda_083.wav,clan_B,travelling,rec_13
clan_A/coda_084.wav,clan_A,socialising,rec_14
clan_A/coda_085.wav,clan_A,socialising,rec_14
clan_A/coda_086.wav,clan_A,socialising,rec_14
clan_C/coda_087.wav,clan_C,resting,rec_14
clan_C/coda_088.wav,clan_C,resting,rec_14
clan_B/coda_089.wav,clan_B,foraging,rec_14
clan_A/coda_090.wav,clan_A,socialising,rec_15
clan_A/coda_091.wav,clan_A,travelling,rec_15
clan_C/coda_092.wav,clan_C,resting,rec_15
clan_B/coda_093.wav,clan_B,foraging,rec_15
clan_C/coda_094.wav,clan_C,resting,rec_15
clan_B/coda_095.wav,clan_B,foraging,rec_15
clan_B/coda_096.wav,clan_B,travelling,rec_16
clan_C/coda_097.wav,clan_C,resting,rec_16
clan_B/coda_098.wav,clan_B,travelling,rec_16
clan_B/coda_099.wav,clan_B,travelling,rec_16
clan_B/coda_100.wav,clan_B,foraging,rec_16
clan_B/coda_101.wav,clan_B,socialising,rec_16
clan_A/coda_102.wav,clan_A,socialising,rec_17
clan_B/coda_103.wav,clan_B,socialising,rec_17
clan_C/coda_104.wav,clan_C,foraging,rec_17
clan_A/coda_105.wav,clan_A,socialising,rec_17
clan_B/coda_106.wav,clan_B,foraging,rec_17
clan_C/coda_107.wav,clan_C,resting,rec_17
clan_C/coda_108.wav,clan_C,resting,rec_18
clan_A/coda_109.wav,clan_A,socialising,rec_18
clan_B/coda_110.wav,clan_B,travelling,rec_18
clan_B/coda_111.wav,clan_B,foraging,rec_18
clan_C/coda_112.wav,clan_C,resting,rec_18
clan_C/coda_113.wav,clan_C,resting,rec_18
clan_B/coda_114.wav,clan_B,travelling,rec_19
clan_B/coda_115.wav,clan_B,travelling,rec_19
clan_B/coda_116.wav,clan_B,resting,rec_19
clan_C/coda_117.wav,clan_C,travelling,rec_19
clan_C/coda_118.wav,clan_C,resting,rec_19
clan_B/coda_119.wav,clan_B,foraging,rec_19
clan_C/coda_120.wav,clan_C,resting,rec_20
clan_B/coda_121.wav,clan_B,foraging,rec_20
clan_B/coda_122.wav,clan_B,travelling,rec_20
clan_B/coda_123.wav,clan_B,foraging,rec_20
clan_C/coda_124.wav,clan_C,resting,rec_20
clan_C/coda_125.wav,clan_C,resting,rec_20
clan_B/coda_126.wav,clan_B,foraging,rec_21
clan_A/coda_127.wav,clan_A,socialising,rec_21
clan_B/coda_128.wav,clan_B,travelling,rec_21
clan_B/coda_129.wav,clan_B,travelling,rec_21
clan_B/coda_130.wav,clan_B,foraging,rec_21
clan_A/coda_131.wav,clan_A,socialising,rec_21
clan_B/coda_132.wav,clan_B,travelling,rec_22
clan_A/coda_133.wav,clan_A,socialising,rec_22
clan_B/coda_134.wav,clan_B,socialising,rec_22
clan_A/coda_135.wav,clan_A,socialising,rec_22
clan_B/coda_136.wav,clan_B,foraging,rec_22
clan_B/coda_137.wav,clan_B,travelling,rec_22
clan_B/coda_138.wav,clan_B,foraging,rec_23
clan_B/coda_139.wav,clan_B,foraging,rec_23
clan_B/coda_140.wav,clan_B,foraging,rec_23
clan_B/coda_141.wav,clan_B,travelling,rec_23
clan_A/coda_142.wav,clan_A,resting,rec_23
clan_B/coda_143.wav,clan_B,foraging,rec_23
clan_C/coda_144.wav,clan_C,resting,rec_24
clan_C/coda_145.wav,clan_C,foraging,rec_24
clan_B/coda_146.wav,clan_B,travelling,rec_24
clan_B/coda_147.wav,clan_B,travelling,rec_24
clan_A/coda_148.wav,clan_A,resting,rec_24
clan_C/coda_149.wav,clan_C,socialising,rec_24
clan_A/coda_150.wav,clan_A,socialising,rec_25
clan_B/coda_151.wav,clan_B,resting,rec_25
clan_B/coda_152.wav,clan_B,travelling,rec_25
clan_B/coda_153.wav,clan_B,foraging,rec_25
clan_B/coda_154.wav,clan_B,foraging,rec_25
clan_C/coda_155.wav,clan_C,resting,rec_25
clan_B/coda_156.wav,clan_B,travelling,rec_26
clan_C/coda_157.wav,clan_C,resting,rec_26
clan_B/coda_158.wav,clan_B,foraging,rec_26
clan_C/coda_159.wav,clan_C,resting,rec_26
clan_A/coda_160.wav,clan_A,socialising,rec_26
clan_B/coda_161.wav,clan_B,resting,rec_26
clan_B/coda_162.wav,clan_B,travelling,rec_27
clan_A/coda_163.wav,clan_A,travelling,rec_27
clan_A/coda_164.wav,clan_A,resting,rec_27
clan_B/coda_165.wav,clan_B,travelling,rec_27
clan_A/coda_166.wav,clan_A,socialising,rec_27
clan_B/coda_167.wav,clan_B,travelling,rec_27
clan_B/coda_168.wav,clan_B,foraging,rec_28
clan_B/coda_169.wav,clan_B,foraging,rec_28
clan_A/coda_170.wav,clan_A,socialising,rec_28
clan_B/coda_171.wav,clan_B,travelling,rec_28
clan_B/coda_172.wav,clan_B,travelling,rec_28
clan_C/coda_173.wav,clan_C,resting,rec_28
clan_A/coda_174.wav,clan_A,resting,rec_29
clan_B/coda_175.wav,clan_B,foraging,rec_29
clan_C/coda_176.wav,clan_C,foraging,rec_29
clan_C/coda_177.wav,clan_C,resting,rec_29
clan_C/coda_178.wav,clan_C,resting,rec_29
clan_C/coda_179.wav,clan_C,resting,rec_29
clan_C/coda_180.wav,clan_C,resting,rec_30
clan_B/coda_181.wav,clan_B,travelling,rec_30
clan_B/coda_182.wav,clan_B,travelling,rec_30
clan_B/coda_183.wav,clan_B,foraging,rec_30
clan_B/coda_184.wav,clan_B,travelling,rec_30
clan_C/coda_185.wav,clan_C,resting,rec_30
clan_B/coda_186.wav,clan_B,foraging,rec_31
clan_B/coda_187.wav,clan_B,travelling,rec_31
clan_A/coda_188.wav,clan_A,socialising,rec_31
clan_A/coda_189.wav,clan_A,socialising,rec_31
clan_B/coda_190.wav,clan_B,foraging,rec_31
clan_B/coda_191.wav,clan_B,travelling,rec_31
clan_C/coda_192.wav,clan_C,resting,rec_32
clan_B/coda_193.wav,clan_B,foraging,rec_32
clan_B/coda_194.wav,clan_B,foraging,rec_32
clan_A/coda_195.wav,clan_A,socialising,rec_32
clan_C/coda_196.wav,clan_C,travelling,rec_32
clan_B/coda_197.wav,clan_B,travelling,rec_32
clan_B/coda_198.wav,clan_B,travelling,rec_33
clan_B/coda_199.wav,clan_B,travelling,rec_33
clan_A/coda_200.wav,clan_A,foraging,rec_33
clan_B/coda_201.wav,clan_B,foraging,rec_33
clan_C/coda_202.wav,clan_C,travelling,rec_33
clan_A/coda_203.wav,clan_A,socialising,rec_33
clan_C/coda_204.wav,clan_C,resting,rec_34
clan_B/coda_205.wav,clan_B,foraging,rec_34
clan_B/coda_206.wav,clan_B,foraging,rec_34
clan_B/coda_207.wav,clan_B,travelling,rec_34
clan_A/coda_208.wav,clan_A,socialising,rec_34
clan_A/coda_209.wav,clan_A,socialising,rec_34
clan_C/coda_210.wav,clan_C,travelling,rec_35
clan_C/coda_211.wav,clan_C,resting,rec_35
clan_B/coda_212.wav,clan_B,resting,rec_35
clan_B/coda_213.wav,clan_B,foraging,rec_35
clan_A/coda_214.wav,clan_A,socialising,rec_35
clan_A/coda_215.wav,clan_A,socialising,rec_35
clan_B/coda_216.wav,clan_B,travelling,rec_36
clan_B/coda_217.wav,clan_B,foraging,rec_36
clan_C/coda_218.wav,clan_C,resting,rec_36
clan_C/coda_219.wav,clan_C,resting,rec_36
clan_A/coda_220.wav,clan_A,socialising,rec_36
clan_B/coda_221.wav,clan_B,foraging,rec_36
clan_B/coda_222.wav,clan_B,resting,rec_37
clan_A/coda_223.wav,clan_A,socialising,rec_37
clan_B/coda_224.wav,clan_B,foraging,rec_37
clan_A/coda_225.wav,clan_A,resting,rec_37
clan_B/coda_226.wav,clan_B,socialising,rec_37
clan_B/coda_227.wav,clan_B,foraging,rec_37
clan_B/coda_228.wav,clan_B,resting,rec_38
clan_B/coda_229.wav,clan_B,travelling,rec_38
clan_B/coda_230.wav,clan_B,foraging,rec_38
clan_A/coda_231.wav,clan_A,socialising,rec_38
clan_B/coda_232.wav,clan_B,travelling,rec_38
clan_B/coda_233.wav,clan_B,travelling,rec_38
clan_B/coda_234.wav,clan_B,foraging,rec_39
clan_B/coda_235.wav,clan_B,foraging,rec_39
clan_B/coda_236.wav,clan_B,foraging,rec_39
clan_B/coda_237.wav,clan_B,travelling,rec_39
clan_A/coda_238.wav,clan_A,socialising,rec_39
clan_B/coda_239.wav,clan_B,socialising,rec_39
clan_B/coda_240.wav,clan_B,travelling,rec_40
clan_B/coda_241.wav,clan_B,foraging,rec_40
clan_C/coda_242.wav,clan_C,resting,rec_40
clan_A/coda_243.wav,clan_A,socialising,rec_40
clan_C/coda_244.wav,clan_C,resting,rec_40
clan_B/coda_245.wav,clan_B,foraging,rec_40
clan_B/coda_246.wav,clan_B,foraging,rec_41
clan_B/coda_247.wav,clan_B,travelling,rec_41
clan_B/coda_248.wav,clan_B,travelling,rec_41
clan_B/coda_249.wav,clan_B,travelling,rec_41
clan_C/coda_250.wav,clan_C,resting,rec_41
clan_C/coda_251.wav,clan_C,socialising,rec_41
clan_B/coda_252.wav,clan_B,travelling,rec_42
clan_C/coda_253.wav,clan_C,resting,rec_42
clan_B/coda_254.wav,clan_B,resting,rec_42
clan_B/coda_255.wav,clan_B,travelling,rec_42
clan_B/coda_256.wav,clan_B,foraging,rec_42
clan_B/coda_257.wav,clan_B,travelling,rec_42
clan_B/coda_258.wav,clan_B,foraging,rec_43
clan_A/coda_259.wav,clan_A,socialising,rec_43
clan_B/coda_260.wav,clan_B,foraging,rec_43
clan_C/coda_261.wav,clan_C,resting,rec_43
clan_A/coda_262.wav,clan_A,socialising,rec_43
clan_B/coda_263.wav,clan_B,foraging,rec_43
clan_C/coda_264.wav,clan_C,resting,rec_44
clan_A/coda_265.wav,clan_A,travelling,rec_44
clan_B/coda_266.wav,clan_B,foraging,rec_44
clan_A/coda_267.wav,clan_A,socialising,rec_44
clan_C/coda_268.wav,clan_C,resting,rec_44
clan_B/coda_269.wav,clan_B,foraging,rec_44
clan_C/coda_270.wav,clan_C,resting,rec_45
clan_A/coda_271.wav,clan_A,socialising,rec_45
clan_C/coda_272.wav,clan_C,resting,rec_45
clan_A/coda_273.wav,clan_A,socialising,rec_45
clan_C/coda_274.wav,clan_C,resting,rec_45
clan_A/coda_275.wav,clan_A,foraging,rec_45
clan_B/coda_276.wav,clan_B,travelling,rec_46
clan_A/coda_277.wav,clan_A,socialising,rec_46
clan_B/coda_278.wav,clan_B,foraging,rec_46
clan_B/coda_279.wav,clan_B,travelling,rec_46
clan_A/coda_280.wav,clan_A,socialising,rec_46
clan_C/coda_281.wav,clan_C,resting,rec_46
clan_B/coda_282.wav,clan_B,foraging,rec_47
clan_C/coda_283.wav,clan_C,foraging,rec_47
clan_A/coda_284.wav,clan_A,socialising,rec_47
clan_A/coda_285.wav,clan_A,socialising,rec_47
clan_B/coda_286.wav,clan_B,foraging,rec_47
clan_A/coda_287.wav,clan_A,socialising,rec_47
clan_B/coda_288.wav,clan_B,travelling,rec_48
clan_B/coda_289.wav,clan_B,foraging,rec_48
clan_C/coda_290.wav,clan_C,resting,rec_48
clan_B/coda_291.wav,clan_B,travelling,rec_48
clan_B/coda_292.wav,clan_B,foraging,rec_48
clan_C/coda_293.wav,clan_C,foraging,rec_48
clan_B/coda_294.wav,clan_B,travelling,rec_49
clan_B/coda_295.wav,clan_B,foraging,rec_49
clan_B/coda_296.wav,clan_B,foraging,rec_49
clan_A/coda_297.wav,clan_A,socialising,rec_49
clan_B/coda_298.wav,clan_B,travelling,rec_49
clan_A/coda_299.wav,clan_A,socialising,rec_49
clan_B/coda_300.wav,clan_B,travelling,rec_50
clan_C/coda_301.wav,clan_C,travelling,rec_50
clan_B/coda_302.wav,clan_B,travelling,rec_50
clan_B/coda_303.wav,clan_B,travelling,rec_50
clan_B/coda_304.wav,clan_B,resting,rec_50
clan_A/coda_305.wav,clan_A,socialising,rec_50
clan_B/coda_306.wav,clan_B,travelling,rec_51
clan_C/coda_307.wav,clan_C,travelling,rec_51
clan_C/coda_308.wav,clan_C,resting,rec_51
clan_B/coda_309.wav,clan_B,foraging,rec_51
clan_B/coda_310.wav,clan_B,foraging,rec_51
clan_B/coda_311.wav,clan_B,foraging,rec_51
clan_A/coda_312.wav,clan_A,socialising,rec_52
clan_B/coda_313.wav,clan_B,travelling,rec_52
clan_B/coda_314.wav,clan_B,foraging,rec_52
clan_B/coda_315.wav,clan_B,foraging,rec_52
clan_B/coda_316.wav,clan_B,foraging,rec_52
clan_B/coda_317.wav,clan_B,travelling,rec_52
clan_B/coda_318.wav,clan_B,resting,rec_53
clan_B/coda_319.wav,clan_B,travelling,rec_53
clan_A/coda_320.wav,clan_A,socialising,rec_53
clan_C/coda_321.wav,clan_C,resting,rec_53
clan_B/coda_322.wav,clan_B,travelling,rec_53
clan_B/coda_323.wav,clan_B,travelling,rec_53
clan_A/coda_324.wav,clan_A,socialising,rec_54
clan_C/coda_325.wav,clan_C,resting,rec_54
clan_B/coda_326.wav,clan_B,foraging,rec_54
clan_B/coda_327.wav,clan_B,foraging,rec_54
clan_B/coda_328.wav,clan_B,travelling,rec_54
clan_B/coda_329.wav,clan_B,foraging,rec_54
clan_C/coda_330.wav,clan_C,resting,rec_55
clan_B/coda_331.wav,clan_B,travelling,rec_55
clan_B/coda_332.wav,clan_B,travelling,rec_55
clan_B/coda_333.wav,clan_B,travelling,rec_55
clan_A/coda_334.wav,clan_A,socialising,rec_55
clan_B/coda_335.wav,clan_B,foraging,rec_55
clan_B/coda_336.wav,clan_B,travelling,rec_56
clan_C/coda_337.wav,clan_C,resting,rec_56
clan_A/coda_338.wav,clan_A,socialising,rec_56
clan_C/coda_339.wav,clan_C,resting,rec_56
clan_A/coda_340.wav,clan_A,socialising,rec_56
clan_B/coda_341.wav,clan_B,resting,rec_56
clan_A/coda_342.wav,clan_A,socialising,rec_57
clan_B/coda_343.wav,clan_B,foraging,rec_57
clan_C/coda_344.wav,clan_C,resting,rec_57
clan_C/coda_345.wav,clan_C,resting,rec_57
clan_C/coda_346.wav,clan_C,resting,rec_57
clan_C/coda_347.wav,clan_C,resting,rec_57
clan_A/coda_348.wav,clan_A,socialising,rec_58
clan_B/coda_349.wav,clan_B,travelling,rec_58
clan_B/coda_350.wav,clan_B,foraging,rec_58
clan_B/coda_351.wav,clan_B,travelling,rec_58
clan_B/coda_352.wav,clan_B,foraging,rec_58
clan_B/coda_353.wav,clan_B,foraging,rec_58
clan_C/coda_354.wav,clan_C,resting,rec_59
clan_B/coda_355.wav,clan_B,resting,rec_59
clan_B/coda_356.wav,clan_B,travelling,rec_59
clan_B/coda_357.wav,clan_B,foraging,rec_59
clan_B/coda_358.wav,clan_B,foraging,rec_59
clan_A/coda_359.wav,clan_A,travelling,rec_59
clan_B/coda_360.wav,clan_B,foraging,rec_60
clan_C/coda_361.wav,clan_C,resting,rec_60
clan_A/coda_362.wav,clan_A,socialising,rec_60
clan_C/coda_363.wav,clan_C,resting,rec_60
clan_B/coda_364.wav,clan_B,foraging,rec_60
clan_B/coda_365.wav,clan_B,foraging,rec_60
clan_B/coda_366.wav,clan_B,foraging,rec_61
clan_A/coda_367.wav,clan_A,socialising,rec_61
clan_B/coda_368.wav,clan_B,travelling,rec_61
clan_C/coda_369.wav,clan_C,resting,rec_61
clan_C/coda_370.wav,clan_C,resting,rec_61
clan_A/coda_371.wav,clan_A,socialising,rec_61
clan_B/coda_372.wav,clan_B,travelling,rec_62
clan_C/coda_373.wav,clan_C,foraging,rec_62
clan_B/coda_374.wav,clan_B,foraging,rec_62
clan_C/coda_375.wav,clan_C,foraging,rec_62
clan_B/coda_376.wav,clan_B,foraging,rec_62
clan_B/coda_377.wav,clan_B,travelling,rec_62
clan_C/coda_378.wav,clan_C,resting,rec_63
clan_A/coda_379.wav,clan_A,socialising,rec_63
clan_B/coda_380.wav,clan_B,travelling,rec_63
clan_B/coda_381.wav,clan_B,travelling,rec_63
clan_B/coda_382.wav,clan_B,socialising,rec_63
clan_C/coda_383.wav,clan_C,resting,rec_63
clan_A/coda_384.wav,clan_A,socialising,rec_64
clan_B/coda_385.wav,clan_B,travelling,rec_64
clan_A/coda_386.wav,clan_A,socialising,rec_64
clan_C/coda_387.wav,clan_C,resting,rec_64
clan_B/coda_388.wav,clan_B,foraging,rec_64
clan_C/coda_389.wav,clan_C,resting,rec_64
clan_B/coda_390.wav,clan_B,travelling,rec_65
clan_A/coda_391.wav,clan_A,socialising,rec_65
clan_A/coda_392.wav,clan_A,socialising,rec_65
clan_C/coda_393.wav,clan_C,resting,rec_65
clan_B/coda_394.wav,clan_B,foraging,rec_65
clan_B/coda_395.wav,clan_B,travelling,rec_65
clan_B/coda_396.wav,clan_B,travelling,rec_66
clan_C/coda_397.wav,clan_C,resting,rec_66
clan_A/coda_398.wav,clan_A,socialising,rec_66
clan_B/coda_399.wav,clan_B,travelling,rec_66
clan_B/coda_400.wav,clan_B,foraging,rec_66
clan_C/coda_401.wav,clan_C,resting,rec_66
clan_B/coda_402.wav,clan_B,travelling,rec_67
clan_B/coda_403.wav,clan_B,resting,rec_67
clan_B/coda_404.wav,clan_B,travelling,rec_67
clan_A/coda_405.wav,clan_A,socialising,rec_67
clan_B/coda_406.wav,clan_B,foraging,rec_67
clan_B/coda_407.wav,clan_B,travelling,rec_67
clan_C/coda_408.wav,clan_C,travelling,rec_68
clan_C/coda_409.wav,clan_C,travelling,rec_68
clan_B/coda_410.wav,clan_B,travelling,rec_68
clan_B/coda_411.wav,clan_B,foraging,rec_68
clan_C/coda_412.wav,clan_C,resting,rec_68
clan_C/coda_413.wav,clan_C,resting,rec_68
clan_B/coda_414.wav,clan_B,foraging,rec_69
clan_B/coda_415.wav,clan_B,foraging,rec_69
clan_A/coda_416.wav,clan_A,socialising,rec_69
clan_A/coda_417.wav,clan_A,socialising,rec_69
clan_A/coda_418.wav,clan_A,socialising,rec_69
clan_C/coda_419.wav,clan_C,travelling,rec_69
clan_B/coda_420.wav,clan_B,foraging,rec_70
clan_A/coda_421.wav,clan_A,socialising,rec_70
clan_A/coda_422.wav,clan_A,socialising,rec_70
clan_B/coda_423.wav,clan_B,travelling,rec_70
clan_B/coda_424.wav,clan_B,foraging,rec_70
clan_B/coda_425.wav,clan_B,foraging,rec_70
clan_A/coda_426.wav,clan_A,socialising,rec_71
clan_A/coda_427.wav,clan_A,socialising,rec_71
clan_B/coda_428.wav,clan_B,travelling,rec_71
clan_B/coda_429.wav,clan_B,foraging,rec_71
clan_A/coda_430.wav,clan_A,socialising,rec_71
clan_B/coda_431.wav,clan_B,travelling,rec_71
clan_C/coda_432.wav,clan_C,resting,rec_72
clan_B/coda_433.wav,clan_B,foraging,rec_72
clan_C/coda_434.wav,clan_C,resting,rec_72
clan_B/coda_435.wav,clan_B,socialising,rec_72
clan_A/coda_436.wav,clan_A,socialising,rec_72
clan_C/coda_437.wav,clan_C,resting,rec_72
clan_C/coda_438.wav,clan_C,resting,rec_73
clan_C/coda_439.wav,clan_C,resting,rec_73
clan_B/coda_440.wav,clan_B,travelling,rec_73
clan_A/coda_441.wav,clan_A,socialising,rec_73
clan_B/coda_442.wav,clan_B,foraging,rec_73
clan_C/coda_443.wav,clan_C,resting,rec_73
clan_B/coda_444.wav,clan_B,foraging,rec_74
clan_B/coda_445.wav,clan_B,travelling,rec_74
clan_C/coda_446.wav,clan_C,foraging,rec_74
clan_B/coda_447.wav,clan_B,foraging,rec_74
clan_B/coda_448.wav,clan_B,foraging,rec_74
clan_B/coda_449.wav,clan_B,foraging,rec_74
clan_C/coda_450.wav,clan_C,resting,rec_75
clan_B/coda_451.wav,clan_B,foraging,rec_75
clan_A/coda_452.wav,clan_A,socialising,rec_75
clan_A/coda_453.wav,clan_A,resting,rec_75
clan_A/coda_454.wav,clan_A,socialising,rec_75
clan_B/coda_455.wav,clan_B,foraging,rec_75
clan_B/coda_456.wav,clan_B,socialising,rec_76
clan_B/coda_457.wav,clan_B,foraging,rec_76
clan_A/coda_458.wav,clan_A,socialising,rec_76
clan_A/coda_459.wav,clan_A,socialising,rec_76
clan_B/coda_460.wav,clan_B,travelling,rec_76
clan_B/coda_461.wav,clan_B,travelling,rec_76
clan_B/coda_462.wav,clan_B,foraging,rec_77
clan_C/coda_463.wav,clan_C,resting,rec_77
clan_B/coda_464.wav,clan_B,socialising,rec_77
clan_B/coda_465.wav,clan_B,foraging,rec_77
clan_C/coda_466.wav,clan_C,foraging,rec_77
clan_C/coda_467.wav,clan_C,resting,rec_77
clan_A/coda_468.wav,clan_A,socialising,rec_78
clan_C/coda_469.wav,clan_C,socialising,rec_78
clan_C/coda_470.wav,clan_C,resting,rec_78
clan_B/coda_471.wav,clan_B,foraging,rec_78
clan_B/coda_472.wav,clan_B,foraging,rec_78
clan_C/coda_473.wav,clan_C,resting,rec_78
clan_B/coda_474.wav,clan_B,foraging,rec_79
clan_C/coda_475.wav,clan_C,resting,rec_79
clan_B/coda_476.wav,clan_B,travelling,rec_79
clan_B/coda_477.wav,clan_B,foraging,rec_79
clan_B/coda_478.wav,clan_B,travelling,rec_79
clan_A/coda_479.wav,clan_A,socialising,rec_79
clan_C/coda_480.wav,clan_C,resting,rec_80
clan_B/coda_481.wav,clan_B,travelling,rec_80
clan_C/coda_482.wav,clan_C,resting,rec_80
clan_A/coda_483.wav,clan_A,travelling,rec_80
clan_C/coda_484.wav,clan_C,resting,rec_80
clan_A/coda_485.wav,clan_A,socialising,rec_80
clan_B/coda_486.wav,clan_B,foraging,rec_81
clan_B/coda_487.wav,clan_B,resting,rec_81
clan_B/coda_488.wav,clan_B,travelling,rec_81
clan_A/coda_489.wav,clan_A,resting,rec_81
clan_B/coda_490.wav,clan_B,foraging,rec_81
clan_B/coda_491.wav,clan_B,travelling,rec_81
clan_B/coda_492.wav,clan_B,travelling,rec_82
clan_B/coda_493.wav,clan_B,foraging,rec_82
clan_C/coda_494.wav,clan_C,resting,rec_82
clan_C/coda_495.wav,clan_C,resting,rec_82
clan_B/coda_496.wav,clan_B,foraging,rec_82
clan_C/coda_497.wav,clan_C,resting,rec_82
clan_A/coda_498.wav,clan_A,socialising,rec_83
clan_A/coda_499.wav,clan_A,socialising,rec_83
clan_B/coda_500.wav,clan_B,travelling,rec_83
clan_B/coda_501.wav,clan_B,foraging,rec_83
clan_B/coda_502.wav,clan_B,foraging,rec_83
clan_A/coda_503.wav,clan_A,travelling,rec_83
clan_B/coda_504.wav,clan_B,travelling,rec_84
clan_B/coda_505.wav,clan_B,foraging,rec_84
clan_B/coda_506.wav,clan_B,travelling,rec_84
clan_B/coda_507.wav,clan_B,socialising,rec_84
clan_C/coda_508.wav,clan_C,resting,rec_84
clan_B/coda_509.wav,clan_B,foraging,rec_84
clan_B/coda_510.wav,clan_B,foraging,rec_85
clan_B/coda_511.wav,clan_B,travelling,rec_85
clan_B/coda_512.wav,clan_B,foraging,rec_85
clan_B/coda_513.wav,clan_B,travelling,rec_85
clan_C/coda_514.wav,clan_C,resting,rec_85
clan_B/coda_515.wav,clan_B,foraging,rec_85
clan_B/coda_516.wav,clan_B,travelling,rec_86
clan_C/coda_517.wav,clan_C,socialising,rec_86
clan_B/coda_518.wav,clan_B,socialising,rec_86
clan_A/coda_519.wav,clan_A,socialising,rec_86
clan_C/coda_520.wav,clan_C,resting,rec_86
clan_C/coda_521.wav,clan_C,resting,rec_86
clan_B/coda_522.wav,clan_B,foraging,rec_87
clan_C/coda_523.wav,clan_C,resting,rec_87
clan_B/coda_524.wav,clan_B,travelling,rec_87
clan_B/coda_525.wav,clan_B,travelling,rec_87
clan_C/coda_526.wav,clan_C,socialising,rec_87
clan_C/coda_527.wav,clan_C,resting,rec_87
clan_C/coda_528.wav,clan_C,resting,rec_88
clan_C/coda_529.wav,clan_C,resting,rec_88
clan_A/coda_530.wav,clan_A,socialising,rec_88
clan_B/coda_531.wav,clan_B,travelling,rec_88
clan_B/coda_532.wav,clan_B,travelling,rec_88
clan_B/coda_533.wav,clan_B,travelling,rec_88
clan_B/coda_534.wav,clan_B,travelling,rec_89
clan_C/coda_535.wav,clan_C,resting,rec_89
clan_B/coda_536.wav,clan_B,foraging,rec_89
clan_C/coda_537.wav,clan_C,resting,rec_89
clan_B/coda_538.wav,clan_B,foraging,rec_89
clan_C/coda_539.wav,clan_C,resting,rec_89
clan_C/coda_540.wav,clan_C,resting,rec_90
clan_A/coda_541.wav,clan_A,socialising,rec_90
clan_B/coda_542.wav,clan_B,foraging,rec_90
clan_B/coda_543.wav,clan_B,foraging,rec_90
clan_C/coda_544.wav,clan_C,resting,rec_90
clan_A/coda_545.wav,clan_A,resting,rec_90
clan_C/coda_546.wav,clan_C,resting,rec_91
clan_A/coda_547.wav,clan_A,socialising,rec_91
clan_C/coda_548.wav,clan_C,resting,rec_91
clan_B/coda_549.wav,clan_B,socialising,rec_91
clan_B/coda_550.wav,clan_B,foraging,rec_91
clan_C/coda_551.wav,clan_C,resting,rec_91
clan_A/coda_552.wav,clan_A,socialising,rec_92
clan_B/coda_553.wav,clan_B,foraging,rec_92
clan_C/coda_554.wav,clan_C,resting,rec_92
clan_A/coda_555.wav,clan_A,socialising,rec_92
clan_B/coda_556.wav,clan_B,travelling,rec_92
clan_B/coda_557.wav,clan_B,foraging,rec_92
clan_B/coda_558.wav,clan_B,travelling,rec_93
clan_A/coda_559.wav,clan_A,socialising,rec_93
clan_C/coda_560.wav,clan_C,travelling,rec_93
clan_A/coda_561.wav,clan_A,socialising,rec_93
clan_A/coda_562.wav,clan_A,socialising,rec_93
clan_C/coda_563.wav,clan_C,resting,rec_93
clan_B/coda_564.wav,clan_B,foraging,rec_94
clan_C/coda_565.wav,clan_C,resting,rec_94
clan_C/coda_566.wav,clan_C,resting,rec_94
clan_B/coda_567.wav,clan_B,travelling,rec_94
clan_A/coda_568.wav,clan_A,foraging,rec_94
clan_B/coda_569.wav,clan_B,resting,rec_94
clan_C/coda_570.wav,clan_C,resting,rec_95
clan_B/coda_571.wav,clan_B,foraging,rec_95
clan_B/coda_572.wav,clan_B,resting,rec_95
clan_C/coda_573.wav,clan_C,resting,rec_95
clan_B/coda_574.wav,clan_B,foraging,rec_95
clan_A/coda_575.wav,clan_A,socialising,rec_95
clan_B/coda_576.wav,clan_B,foraging,rec_96
clan_C/coda_577.wav,clan_C,resting,rec_96
clan_B/coda_578.wav,clan_B,travelling,rec_96
clan_C/coda_579.wav,clan_C,resting,rec_96
clan_B/coda_580.wav,clan_B,travelling,rec_96
clan_C/coda_581.wav,clan_C,resting,rec_96
clan_C/coda_582.wav,clan_C,foraging,rec_97
clan_B/coda_583.wav,clan_B,travelling,rec_97
clan_B/coda_584.wav,clan_B,foraging,rec_97
clan_B/coda_585.wav,clan_B,foraging,rec_97
clan_B/coda_586.wav,clan_B,resting,rec_97
clan_B/coda_587.wav,clan_B,travelling,rec_97
clan_B/coda_588.wav,clan_B,travelling,rec_98
clan_C/coda_589.wav,clan_C,resting,rec_98
clan_B/coda_590.wav,clan_B,foraging,rec_98
clan_C/coda_591.wav,clan_C,resting,rec_98
clan_B/coda_592.wav,clan_B,foraging,rec_98
clan_B/coda_593.wav,clan_B,socialising,rec_98
clan_A/coda_594.wav,clan_A,socialising,rec_99
clan_B/coda_595.wav,clan_B,travelling,rec_99
clan_B/coda_596.wav,clan_B,travelling,rec_99
clan_B/coda_597.wav,clan_B,travelling,rec_99
clan_B/coda_598.wav,clan_B,foraging,rec_99
clan_B/coda_599.wav,clan_B,travelling,rec_99
clan_B/coda_600.wav,clan_B,foraging,rec_100
clan_B/coda_601.wav,clan_B,foraging,rec_100
clan_B/coda_602.wav,clan_B,travelling,rec_100
clan_C/coda_603.wav,clan_C,resting,rec_100
clan_A/coda_604.wav,clan_A,socialising,rec_100
clan_B/coda_605.wav,clan_B,travelling,rec_100
clan_C/coda_606.wav,clan_C,travelling,rec_101
clan_B/coda_607.wav,clan_B,travelling,rec_101
clan_A/coda_608.wav,clan_A,socialising,rec_101
clan_B/coda_609.wav,clan_B,socialising,rec_101
clan_C/coda_610.wav,clan_C,resting,rec_101
clan_C/coda_611.wav,clan_C,resting,rec_101
clan_B/coda_612.wav,clan_B,foraging,rec_102
clan_A/coda_613.wav,clan_A,socialising,rec_102
clan_A/coda_614.wav,clan_A,socialising,rec_102
clan_B/coda_615.wav,clan_B,socialising,rec_102
clan_C/coda_616.wav,clan_C,travelling,rec_102
clan_B/coda_617.wav,clan_B,travelling,rec_102
clan_C/coda_618.wav,clan_C,resting,rec_103
clan_C/coda_619.wav,clan_C,resting,rec_103
clan_A/coda_620.wav,clan_A,socialising,rec_103
clan_B/coda_621.wav,clan_B,foraging,rec_103
clan_B/coda_622.wav,clan_B,travelling,rec_103
clan_B/coda_623.wav,clan_B,foraging,rec_103
clan_B/coda_624.wav,clan_B,foraging,rec_104
clan_C/coda_625.wav,clan_C,resting,rec_104
clan_A/coda_626.wav,clan_A,socialising,rec_104
clan_C/coda_627.wav,clan_C,resting,rec_104
clan_C/coda_628.wav,clan_C,travelling,rec_104
clan_B/coda_629.wav,clan_B,travelling,rec_104
clan_A/coda_630.wav,clan_A,socialising,rec_105
clan_A/coda_631.wav,clan_A,socialising,rec_105
clan_C/coda_632.wav,clan_C,resting,rec_105
clan_C/coda_633.wav,clan_C,resting,rec_105
clan_A/coda_634.wav,clan_A,socialising,rec_105
clan_C/coda_635.wav,clan_C,resting,rec_105
clan_A/coda_636.wav,clan_A,socialising,rec_106
clan_C/coda_637.wav,clan_C,resting,rec_106
clan_B/coda_638.wav,clan_B,foraging,rec_106
clan_B/coda_639.wav,clan_B,foraging,rec_106
clan_C/coda_640.wav,clan_C,resting,rec_106
clan_A/coda_641.wav,clan_A,socialising,rec_106
clan_A/coda_642.wav,clan_A,socialising,rec_107
clan_B/coda_643.wav,clan_B,travelling,rec_107
clan_B/coda_644.wav,clan_B,foraging,rec_107
clan_B/coda_645.wav,clan_B,resting,rec_107
clan_B/coda_646.wav,clan_B,foraging,rec_107
clan_C/coda_647.wav,clan_C,resting,rec_107
clan_B/coda_648.wav,clan_B,foraging,rec_108
clan_C/coda_649.wav,clan_C,socialising,rec_108
clan_B/coda_650.wav,clan_B,travelling,rec_108
clan_B/coda_651.wav,clan_B,foraging,rec_108
clan_A/coda_652.wav,clan_A,socialising,rec_108
clan_C/coda_653.wav,clan_C,travelling,rec_108
clan_B/coda_654.wav,clan_B,travelling,rec_109
clan_A/coda_655.wav,clan_A,socialising,rec_109
clan_B/coda_656.wav,clan_B,travelling,rec_109
clan_C/coda_657.wav,clan_C,resting,rec_109
clan_C/coda_658.wav,clan_C,resting,rec_109
clan_B/coda_659.wav,clan_B,travelling,rec_109
clan_A/coda_660.wav,clan_A,socialising,rec_110
clan_B/coda_661.wav,clan_B,foraging,rec_110
clan_A/coda_662.wav,clan_A,socialising,rec_110
clan_A/coda_663.wav,clan_A,socialising,rec_110
clan_B/coda_664.wav,clan_B,socialising,rec_110
clan_C/coda_665.wav,clan_C,resting,rec_110
clan_A/coda_666.wav,clan_A,socialising,rec_111
clan_A/coda_667.wav,clan_A,socialising,rec_111
clan_B/coda_668.wav,clan_B,travelling,rec_111
clan_B/coda_669.wav,clan_B,travelling,rec_111
clan_B/coda_670.wav,clan_B,travelling,rec_111
clan_B/coda_671.wav,clan_B,resting,rec_111
clan_B/coda_672.wav,clan_B,foraging,rec_112
clan_B/coda_673.wav,clan_B,travelling,rec_112
clan_C/coda_674.wav,clan_C,resting,rec_112
clan_A/coda_675.wav,clan_A,socialising,rec_112
clan_B/coda_676.wav,clan_B,resting,rec_112
clan_B/coda_677.wav,clan_B,foraging,rec_112
clan_A/coda_678.wav,clan_A,socialising,rec_113
clan_C/coda_679.wav,clan_C,foraging,rec_113
clan_C/coda_680.wav,clan_C,resting,rec_113
clan_C/coda_681.wav,clan_C,resting,rec_113
clan_B/coda_682.wav,clan_B,travelling,rec_113
clan_B/coda_683.wav,clan_B,resting,rec_113
clan_B/coda_684.wav,clan_B,foraging,rec_114
clan_A/coda_685.wav,clan_A,socialising,rec_114
clan_B/coda_686.wav,clan_B,foraging,rec_114
clan_A/coda_687.wav,clan_A,socialising,rec_114
clan_C/coda_688.wav,clan_C,resting,rec_114
clan_B/coda_689.wav,clan_B,travelling,rec_114
clan_A/coda_690.wav,clan_A,resting,rec_115
clan_A/coda_691.wav,clan_A,socialising,rec_115
clan_B/coda_692.wav,clan_B,foraging,rec_115
clan_C/coda_693.wav,clan_C,resting,rec_115
clan_A/coda_694.wav,clan_A,socialising,rec_115
clan_B/coda_695.wav,clan_B,travelling,rec_115
clan_B/coda_696.wav,clan_B,travelling,rec_116
clan_C/coda_697.wav,clan_C,resting,rec_116
clan_C/coda_698.wav,clan_C,resting,rec_116
clan_B/coda_699.wav,clan_B,foraging,rec_116
clan_B/coda_700.wav,clan_B,travelling,rec_116
clan_C/coda_701.wav,clan_C,resting,rec_116
clan_A/coda_702.wav,clan_A,socialising,rec_117
clan_A/coda_703.wav,clan_A,socialising,rec_117
clan_B/coda_704.wav,clan_B,foraging,rec_117
clan_C/coda_705.wav,clan_C,resting,rec_117
clan_C/coda_706.wav,clan_C,foraging,rec_117
clan_A/coda_707.wav,clan_A,socialising,rec_117
clan_B/coda_708.wav,clan_B,travelling,rec_118
clan_B/coda_709.wav,clan_B,travelling,rec_118
clan_B/coda_710.wav,clan_B,resting,rec_118
clan_B/coda_711.wav,clan_B,travelling,rec_118
clan_A/coda_712.wav,clan_A,socialising,rec_118
clan_B/coda_713.wav,clan_B,socialising,rec_118
clan_B/coda_714.wav,clan_B,foraging,rec_119
clan_A/coda_715.wav,clan_A,socialising,rec_119
clan_B/coda_716.wav,clan_B,travelling,rec_119
clan_B/coda_717.wav,clan_B,foraging,rec_119
clan_A/coda_718.wav,clan_A,resting,rec_119
clan_B/coda_719.wav,clan_B,travelling,rec_119
clan_B/coda_720.wav,clan_B,travelling,rec_120
clan_C/coda_721.wav,clan_C,travelling,rec_120
clan_B/coda_722.wav,clan_B,foraging,rec_120
clan_A/coda_723.wav,clan_A,socialising,rec_120
clan_B/coda_724.wav,clan_B,foraging,rec_120
clan_B/coda_725.wav,clan_B,socialising,rec_120
clan_A/coda_726.wav,clan_A,socialising,rec_121
clan_C/coda_727.wav,clan_C,resting,rec_121
clan_B/coda_728.wav,clan_B,travelling,rec_121
clan_C/coda_729.wav,clan_C,resting,rec_121
clan_C/coda_730.wav,clan_C,resting,rec_121
clan_C/coda_731.wav,clan_C,resting,rec_121
clan_B/coda_732.wav,clan_B,travelling,rec_122
clan_B/coda_733.wav,clan_B,resting,rec_122
clan_B/coda_734.wav,clan_B,travelling,rec_122
clan_C/coda_735.wav,clan_C,travelling,rec_122
clan_B/coda_736.wav,clan_B,travelling,rec_122
clan_B/coda_737.wav,clan_B,travelling,rec_122
clan_C/coda_738.wav,clan_C,travelling,rec_123
clan_C/coda_739.wav,clan_C,resting,rec_123
clan_C/coda_740.wav,clan_C,resting,rec_123
clan_B/coda_741.wav,clan_B,travelling,rec_123
clan_B/coda_742.wav,clan_B,foraging,rec_123
clan_B/coda_743.wav,clan_B,foraging,rec_123
clan_C/coda_744.wav,clan_C,socialising,rec_124
clan_C/coda_745.wav,clan_C,resting,rec_124
clan_A/coda_746.wav,clan_A,foraging,rec_124
clan_A/coda_747.wav,clan_A,socialising,rec_124
clan_B/coda_748.wav,clan_B,travelling,rec_124
clan_C/coda_749.wav,clan_C,resting,rec_124
clan_A/coda_750.wav,clan_A,socialising,rec_125
clan_B/coda_751.wav,clan_B,travelling,rec_125
clan_B/coda_752.wav,clan_B,travelling,rec_125
clan_A/coda_753.wav,clan_A,socialising,rec_125
clan_B/coda_754.wav,clan_B,travelling,rec_125
clan_B/coda_755.wav,clan_B,foraging,rec_125
clan_B/coda_756.wav,clan_B,foraging,rec_126
clan_B/coda_757.wav,clan_B,resting,rec_126
clan_A/coda_758.wav,clan_A,foraging,rec_126
clan_B/coda_759.wav,clan_B,foraging,rec_126
clan_B/coda_760.wav,clan_B,travelling,rec_126
clan_B/coda_761.wav,clan_B,travelling,rec_126
clan_B/coda_762.wav,clan_B,travelling,rec_127
clan_A/coda_763.wav,clan_A,socialising,rec_127
clan_C/coda_764.wav,clan_C,resting,rec_127
clan_C/coda_765.wav,clan_C,resting,rec_127
clan_A/coda_766.wav,clan_A,foraging,rec_127
clan_A/coda_767.wav,clan_A,socialising,rec_127
clan_B/coda_768.wav,clan_B,travelling,rec_128
clan_A/coda_769.wav,clan_A,socialising,rec_128
clan_A/coda_770.wav,clan_A,socialising,rec_128
clan_C/coda_771.wav,clan_C,travelling,rec_128
clan_B/coda_772.wav,clan_B,travelling,rec_128
clan_C/coda_773.wav,clan_C,socialising,rec_128
clan_B/coda_774.wav,clan_B,socialising,rec_129
clan_A/coda_775.wav,clan_A,travelling,rec_129
clan_B/coda_776.wav,clan_B,foraging,rec_129
clan_B/coda_777.wav,clan_B,travelling,rec_129
clan_C/coda_778.wav,clan_C,resting,rec_129
clan_C/coda_779.wav,clan_C,resting,rec_129
clan_B/coda_780.wav,clan_B,travelling,rec_130
clan_B/coda_781.wav,clan_B,resting,rec_130
clan_B/coda_782.wav,clan_B,foraging,rec_130
clan_B/coda_783.wav,clan_B,travelling,rec_130
clan_A/coda_784.wav,clan_A,socialising,rec_130
clan_B/coda_785.wav,clan_B,travelling,rec_130
clan_A/coda_786.wav,clan_A,socialising,rec_131
clan_C/coda_787.wav,clan_C,resting,rec_131
clan_A/coda_788.wav,clan_A,socialising,rec_131
clan_C/coda_789.wav,clan_C,resting,rec_131
clan_B/coda_790.wav,clan_B,foraging,rec_131
clan_C/coda_791.wav,clan_C,socialising,rec_131
clan_A/coda_792.wav,clan_A,foraging,rec_132
clan_A/coda_793.wav,clan_A,socialising,rec_132
clan_A/coda_794.wav,clan_A,socialising,rec_132
clan_B/coda_795.wav,clan_B,foraging,rec_132
clan_B/coda_796.wav,clan_B,socialising,rec_132
clan_C/coda_797.wav,clan_C,resting,rec_132
clan_B/coda_798.wav,clan_B,foraging,rec_133
clan_C/coda_799.wav,clan_C,resting,rec_133
